Iteration;Accuracy
1.0;0.890500009059906
2.0;0.9104999899864197
3.0;0.9225999712944031
4.0;0.932200014591217
5.0;0.9368000030517578
6.0;0.9408000111579895
7.0;0.9416999816894531
8.0;0.9473000168800354
9.0;0.9510999917984009
10.0;0.9539999961853027
