Iteration;Accuracy
1.0;0.9124000072479248
2.0;0.932200014591217
3.0;0.9404000043869019
4.0;0.9474999904632568
5.0;0.954200029373169
