Iteration;Accuracy
1.0;0.8949000239372253
2.0;0.9132000207901001
3.0;0.9236999750137329
4.0;0.9323999881744385
5.0;0.9376999735832214
