Iteration;Accuracy
1.0;0.6797000169754028
2.0;0.7767000198364258
3.0;0.824999988079071
