Iteration;Accuracy
1.0;0.641700029373169
2.0;0.765500009059906
