Iteration;Accuracy
1.0;0.18799999356269836
2.0;0.336899995803833
3.0;0.4440999925136566
4.0;0.5202000141143799
5.0;0.5827999711036682
6.0;0.6338000297546387
7.0;0.6572999954223633
8.0;0.6948999762535095
9.0;0.7210000157356262
10.0;0.7404000163078308
