Iteration;Accuracy
1.0;0.2167000025510788
2.0;0.44279998540878296
3.0;0.5546000003814697
4.0;0.6209999918937683
5.0;0.5687999725341797
6.0;0.5877000093460083
7.0;0.5609999895095825
8.0;0.5266000032424927
9.0;0.6355000138282776
10.0;0.6450999975204468
11.0;0.6873000264167786
12.0;0.6585999727249146
13.0;0.7178999781608582
14.0;0.7099999785423279
15.0;0.7195000052452087
16.0;0.725600004196167
17.0;0.7031000256538391
18.0;0.7440000176429749
19.0;0.711899995803833
20.0;0.7541999816894531
