Iteration;Accuracy
1.0;0.19920000433921814
2.0;0.2703000009059906
3.0;0.3181999921798706
4.0;0.36000001430511475
5.0;0.40549999475479126
6.0;0.44350001215934753
7.0;0.4713999927043915
8.0;0.49230000376701355
9.0;0.5184999704360962
10.0;0.5382999777793884
11.0;0.5641999840736389
12.0;0.5885000228881836
13.0;0.6055999994277954
14.0;0.6207000017166138
15.0;0.6376000046730042
16.0;0.6467999815940857
17.0;0.6593999862670898
18.0;0.6743000149726868
19.0;0.6898000240325928
20.0;0.6942999958992004
