Iteration;Accuracy
1.0;0.1915999948978424
2.0;0.4375999867916107
3.0;0.47699999809265137
4.0;0.5278000235557556
5.0;0.4902999997138977
6.0;0.47450000047683716
7.0;0.5084999799728394
8.0;0.5742999911308289
9.0;0.592199981212616
10.0;0.6488999724388123
11.0;0.6377000212669373
12.0;0.6811000108718872
13.0;0.6880000233650208
14.0;0.7164000272750854
15.0;0.7305999994277954
16.0;0.7339000105857849
17.0;0.7214000225067139
18.0;0.7095000147819519
19.0;0.7129999995231628
20.0;0.7089999914169312
