Iteration;Accuracy
1.0;0.15850000083446503
2.0;0.2800000011920929
3.0;0.45500001311302185
4.0;0.5379999876022339
5.0;0.5875999927520752
6.0;0.6288999915122986
7.0;0.6647999882698059
8.0;0.6890000104904175
9.0;0.7142000198364258
10.0;0.7290999889373779
11.0;0.7411999702453613
12.0;0.7559999823570251
13.0;0.7649000287055969
14.0;0.7732999920845032
15.0;0.7810999751091003
16.0;0.7893000245094299
17.0;0.7903000116348267
18.0;0.7940999865531921
19.0;0.8037999868392944
20.0;0.8090000152587891
