Iteration;Accuracy
1.0;0.1898999959230423
2.0;0.2386000007390976
3.0;0.30390000343322754
4.0;0.3824999928474426
5.0;0.5121999979019165
6.0;0.508400022983551
7.0;0.6273000240325928
8.0;0.6470999717712402
9.0;0.5787000060081482
10.0;0.6409000158309937
11.0;0.6359999775886536
12.0;0.6108999848365784
13.0;0.6220999956130981
14.0;0.6345000267028809
15.0;0.6931999921798706
16.0;0.6947000026702881
17.0;0.7181000113487244
18.0;0.7373999953269958
19.0;0.7411999702453613
20.0;0.6696000099182129
