Iteration;Accuracy
1.0;0.18029999732971191
2.0;0.2680000066757202
3.0;0.30230000615119934
4.0;0.34310001134872437
5.0;0.38280001282691956
6.0;0.4251999855041504
7.0;0.4677000045776367
8.0;0.5091999769210815
9.0;0.5440000295639038
10.0;0.583299994468689
11.0;0.5965999960899353
12.0;0.6266000270843506
13.0;0.6273999810218811
14.0;0.6283000111579895
15.0;0.5946999788284302
16.0;0.6032999753952026
17.0;0.6680999994277954
18.0;0.5989999771118164
19.0;0.6230999827384949
20.0;0.6025000214576721
