Iteration;Accuracy
1.0;0.35690000653266907
2.0;0.1597999930381775
3.0;0.24809999763965607
4.0;0.43459999561309814
5.0;0.4083000123500824
6.0;0.46700000762939453
7.0;0.521399974822998
8.0;0.5444999933242798
9.0;0.6298999786376953
10.0;0.6365000009536743
11.0;0.6292999982833862
12.0;0.5177000164985657
13.0;0.4514999985694885
14.0;0.6578999757766724
15.0;0.7008000016212463
16.0;0.684499979019165
17.0;0.666100025177002
18.0;0.6747000217437744
19.0;0.7055000066757202
20.0;0.7235999703407288
