Iteration;Accuracy
1.0;0.16619999706745148
2.0;0.3278000056743622
3.0;0.4740999937057495
4.0;0.5526999831199646
5.0;0.6019999980926514
6.0;0.6413000226020813
7.0;0.670199990272522
8.0;0.6916999816894531
9.0;0.7031000256538391
10.0;0.7172999978065491
11.0;0.7283999919891357
12.0;0.7414000034332275
13.0;0.7509999871253967
14.0;0.7591000199317932
15.0;0.7723000049591064
16.0;0.7720999717712402
17.0;0.782800018787384
18.0;0.7864000201225281
19.0;0.7897999882698059
20.0;0.7953000068664551
