Iteration;Accuracy
1.0;0.27549999952316284
2.0;0.26440000534057617
3.0;0.4196999967098236
4.0;0.3522999882698059
5.0;0.3953999876976013
6.0;0.5218999981880188
7.0;0.5885999798774719
8.0;0.6628000140190125
9.0;0.6758000254631042
10.0;0.6578999757766724
11.0;0.6545000076293945
12.0;0.6523000001907349
13.0;0.6035000085830688
14.0;0.6302000284194946
15.0;0.666100025177002
16.0;0.708899974822998
17.0;0.7091000080108643
18.0;0.714900016784668
19.0;0.6783000230789185
20.0;0.6640999913215637
