Iteration;Accuracy
1.0;0.2676999866962433
2.0;0.21279999613761902
3.0;0.4909000098705292
4.0;0.42320001125335693
5.0;0.5701000094413757
6.0;0.5508000254631042
7.0;0.498199999332428
8.0;0.49059998989105225
9.0;0.6439999938011169
10.0;0.6083999872207642
11.0;0.5842999815940857
12.0;0.6679999828338623
13.0;0.6736999750137329
14.0;0.6632999777793884
15.0;0.6564000248908997
16.0;0.6916999816894531
17.0;0.7304999828338623
18.0;0.7524999976158142
19.0;0.7538999915122986
20.0;0.7059000134468079
