Iteration;Accuracy
1.0;0.18170000612735748
2.0;0.36579999327659607
3.0;0.5005999803543091
4.0;0.5879999995231628
5.0;0.6389999985694885
6.0;0.6693999767303467
7.0;0.6966000199317932
8.0;0.7143999934196472
9.0;0.7294999957084656
10.0;0.7426999807357788
11.0;0.7545999884605408
12.0;0.7678999900817871
13.0;0.77920001745224
14.0;0.7853999733924866
15.0;0.7946000099182129
16.0;0.7857999801635742
17.0;0.7883999943733215
18.0;0.7712000012397766
19.0;0.7598999738693237
20.0;0.7124999761581421
