Iteration;Accuracy
1.0;0.23199999332427979
2.0;0.3626999855041504
3.0;0.4812000095844269
4.0;0.5666000247001648
5.0;0.6226999759674072
