Iteration;Accuracy
1.0;0.3337000012397766
2.0;0.2572999894618988
3.0;0.3384000062942505
4.0;0.5942000150680542
5.0;0.4221999943256378
6.0;0.6424000263214111
7.0;0.5982999801635742
8.0;0.6265000104904175
9.0;0.5795999765396118
10.0;0.5600000023841858
11.0;0.621399998664856
12.0;0.6449000239372253
13.0;0.7142000198364258
14.0;0.7006999850273132
15.0;0.6931999921798706
16.0;0.7141000032424927
17.0;0.66839998960495
18.0;0.6992999911308289
19.0;0.7159000039100647
20.0;0.728600025177002
