Iteration;Accuracy
1.0;0.8587999939918518
2.0;0.8870999813079834
