Iteration;Accuracy
1.0;0.17299999296665192
2.0;0.4036000072956085
3.0;0.553600013256073
4.0;0.6241000294685364
5.0;0.6730999946594238
6.0;0.6935999989509583
7.0;0.720300018787384
8.0;0.7447999715805054
9.0;0.7508999705314636
10.0;0.7670999765396118
