Iteration;Accuracy
1.0;0.8575999736785889
2.0;0.8909000158309937
