Iteration;Accuracy
1.0;0.8574000000953674
2.0;0.8934000134468079
3.0;0.9057000279426575
4.0;0.9146000146865845
5.0;0.9190000295639038
6.0;0.925000011920929
7.0;0.9289000034332275
8.0;0.9320999979972839
9.0;0.9372000098228455
10.0;0.9380999803543091
