Iteration;Accuracy
1.0;0.23749999701976776
2.0;0.11089999973773956
3.0;0.227400004863739
4.0;0.38029998540878296
5.0;0.4948999881744385
6.0;0.4390000104904175
7.0;0.5745999813079834
8.0;0.43799999356269836
9.0;0.44429999589920044
10.0;0.6128000020980835
11.0;0.5861999988555908
12.0;0.5659999847412109
13.0;0.6898999810218811
14.0;0.6973000168800354
15.0;0.6690999865531921
16.0;0.620199978351593
17.0;0.6926000118255615
18.0;0.6995000243186951
19.0;0.697700023651123
20.0;0.6721000075340271
