Iteration;Accuracy
1.0;0.3158000111579895
2.0;0.17030000686645508
3.0;0.164000004529953
4.0;0.32170000672340393
5.0;0.5059000253677368
6.0;0.3395000100135803
7.0;0.5085999965667725
8.0;0.5270000100135803
9.0;0.5787000060081482
10.0;0.6495000123977661
11.0;0.6172000169754028
12.0;0.6011000275611877
13.0;0.599399983882904
14.0;0.578499972820282
15.0;0.6403999924659729
16.0;0.7105000019073486
17.0;0.6603000164031982
18.0;0.6596999764442444
19.0;0.6829000115394592
20.0;0.7749999761581421
