Iteration;Accuracy
1.0;0.12950000166893005
2.0;0.29679998755455017
