Iteration;Accuracy
1.0;0.855400025844574
2.0;0.8950999975204468
