Iteration;Accuracy
1.0;0.3068000078201294
2.0;0.14190000295639038
3.0;0.2037000060081482
4.0;0.3986999988555908
5.0;0.44020000100135803
6.0;0.23240000009536743
7.0;0.28529998660087585
8.0;0.35019999742507935
9.0;0.3490999937057495
10.0;0.5515000224113464
11.0;0.5486000180244446
12.0;0.6588000059127808
13.0;0.5586000084877014
14.0;0.6294000148773193
15.0;0.5376999974250793
16.0;0.6880000233650208
17.0;0.7253999710083008
18.0;0.6528000235557556
19.0;0.6800000071525574
20.0;0.6909999847412109
