Iteration;Accuracy
1.0;0.37470000982284546
2.0;0.2529999911785126
