Iteration;Accuracy
1.0;0.3190000057220459
2.0;0.25270000100135803
3.0;0.11330000311136246
4.0;0.4440000057220459
5.0;0.4749000072479248
6.0;0.33660000562667847
7.0;0.5860000252723694
8.0;0.6412000060081482
9.0;0.5394999980926514
10.0;0.5320000052452087
11.0;0.5546000003814697
12.0;0.6636999845504761
13.0;0.6593000292778015
14.0;0.6093999743461609
15.0;0.6916000247001648
16.0;0.7221999764442444
17.0;0.7188000082969666
18.0;0.7125999927520752
19.0;0.6891000270843506
20.0;0.6668999791145325
