Iteration;Accuracy
1.0;0.3068000078201294
2.0;0.14190000295639038
3.0;0.2037000060081482
4.0;0.3986999988555908
5.0;0.44020000100135803
6.0;0.23240000009536743
7.0;0.28529998660087585
8.0;0.35019999742507935
9.0;0.3490999937057495
10.0;0.5515000224113464
