Iteration;Accuracy
1.0;0.37619999051094055
2.0;0.19009999930858612
3.0;0.3368000090122223
4.0;0.37619999051094055
5.0;0.37560001015663147
6.0;0.4683000147342682
7.0;0.5929999947547913
8.0;0.4341000020503998
9.0;0.5001999735832214
10.0;0.5248000025749207
11.0;0.6018000245094299
12.0;0.6489999890327454
13.0;0.705299973487854
14.0;0.7002000212669373
15.0;0.6884999871253967
16.0;0.605400025844574
17.0;0.6741999983787537
18.0;0.7545999884605408
19.0;0.7232000231742859
20.0;0.6945000290870667
