Iteration;Accuracy
1.0;0.847599983215332
2.0;0.8909000158309937
