Iteration;Accuracy
1.0;0.8644999861717224
2.0;0.8913999795913696
3.0;0.9065999984741211
4.0;0.9128000140190125
5.0;0.9168999791145325
6.0;0.9223999977111816
7.0;0.9279999732971191
8.0;0.9297000169754028
9.0;0.9316999912261963
10.0;0.9352999925613403
