Iteration;Accuracy
1.0;0.29649999737739563
2.0;0.46059998869895935
3.0;0.44029998779296875
4.0;0.397599995136261
5.0;0.4740000069141388
6.0;0.5697000026702881
7.0;0.6061999797821045
8.0;0.6596999764442444
9.0;0.6948000192642212
10.0;0.7117000222206116
11.0;0.701200008392334
12.0;0.6680999994277954
13.0;0.6572999954223633
14.0;0.6615999937057495
15.0;0.6621000170707703
16.0;0.7013000249862671
17.0;0.7208999991416931
18.0;0.7160999774932861
19.0;0.7390000224113464
20.0;0.7422000169754028
