Iteration;Accuracy
1.0;0.3434000015258789
2.0;0.12460000067949295
3.0;0.4415000081062317
4.0;0.27570000290870667
5.0;0.5475999712944031
6.0;0.5821999907493591
7.0;0.5726000070571899
8.0;0.6280999779701233
9.0;0.6794000267982483
10.0;0.661899983882904
11.0;0.6396999955177307
12.0;0.675000011920929
13.0;0.6579999923706055
14.0;0.5748000144958496
15.0;0.592199981212616
16.0;0.6693000197410583
17.0;0.7319999933242798
18.0;0.6958000063896179
19.0;0.7214000225067139
20.0;0.7208999991416931
