Iteration;Accuracy
1.0;0.3937999904155731
2.0;0.16869999468326569
3.0;0.3379000127315521
4.0;0.35499998927116394
5.0;0.44679999351501465
6.0;0.5501999855041504
7.0;0.4050000011920929
8.0;0.4172999858856201
9.0;0.5708000063896179
10.0;0.5368000268936157
