Iteration;Accuracy
1.0;0.1509000062942505
2.0;0.2004999965429306
3.0;0.29670000076293945
4.0;0.37130001187324524
5.0;0.41130000352859497
6.0;0.4293000102043152
7.0;0.43650001287460327
8.0;0.44119998812675476
9.0;0.4424000084400177
10.0;0.43779999017715454
11.0;0.436599999666214
12.0;0.4325999915599823
13.0;0.43630000948905945
14.0;0.4408999979496002
15.0;0.4374000132083893
16.0;0.4350000023841858
17.0;0.4269999861717224
18.0;0.4291999936103821
19.0;0.42570000886917114
20.0;0.42820000648498535
