Iteration;Accuracy
1.0;0.1818999946117401
2.0;0.35749998688697815
3.0;0.45969998836517334
4.0;0.5188999772071838
5.0;0.5623999834060669
6.0;0.5978000164031982
7.0;0.6225000023841858
8.0;0.6507999897003174
9.0;0.673799991607666
10.0;0.6973000168800354
11.0;0.7037000060081482
12.0;0.7303000092506409
13.0;0.7486000061035156
14.0;0.755299985408783
15.0;0.7735000252723694
16.0;0.7735000252723694
17.0;0.786300003528595
18.0;0.7822999954223633
19.0;0.7924000024795532
20.0;0.777899980545044
