Iteration;Accuracy
1.0;0.42410001158714294
2.0;0.5285999774932861
3.0;0.6326000094413757
4.0;0.6506999731063843
5.0;0.7110999822616577
6.0;0.7427999973297119
7.0;0.7476999759674072
8.0;0.7878000140190125
9.0;0.7718999981880188
10.0;0.7932000160217285
