Iteration;Accuracy
1.0;0.15870000422000885
2.0;0.4189000129699707
3.0;0.43700000643730164
4.0;0.41839998960494995
5.0;0.40849998593330383
6.0;0.421099990606308
7.0;0.49900001287460327
8.0;0.5476999878883362
9.0;0.5855000019073486
10.0;0.5927000045776367
