Iteration;Accuracy
1.0;0.17080000042915344
2.0;0.22349999845027924
3.0;0.25600001215934753
4.0;0.2680000066757202
5.0;0.28060001134872437
6.0;0.3000999987125397
7.0;0.3237000107765198
8.0;0.337799996137619
9.0;0.34290000796318054
10.0;0.3522000014781952
