Iteration;Accuracy
1.0;0.12610000371932983
2.0;0.2054000049829483
3.0;0.3382999897003174
4.0;0.4083999991416931
5.0;0.4368000030517578
6.0;0.46399998664855957
7.0;0.476500004529953
8.0;0.5012999773025513
9.0;0.5162000060081482
10.0;0.541700005531311
