Iteration;Accuracy
1.0;0.164000004529953
2.0;0.3456000089645386
3.0;0.482699990272522
4.0;0.5522000193595886
5.0;0.6122000217437744
6.0;0.6363000273704529
7.0;0.6840999722480774
8.0;0.669700026512146
9.0;0.7035999894142151
10.0;0.6485000252723694
