Iteration;Accuracy
1.0;0.25769999623298645
2.0;0.32519999146461487
3.0;0.39480000734329224
4.0;0.27889999747276306
5.0;0.37040001153945923
6.0;0.5022000074386597
7.0;0.5066999793052673
8.0;0.5658000111579895
9.0;0.5250999927520752
10.0;0.61080002784729
