Iteration;Accuracy
1.0;0.14910000562667847
2.0;0.3314000070095062
3.0;0.44429999589920044
4.0;0.5188999772071838
5.0;0.5705000162124634
6.0;0.6148999929428101
7.0;0.651199996471405
8.0;0.6794000267982483
9.0;0.7077999711036682
10.0;0.7279000282287598
