Iteration;Accuracy
1.0;0.16009999811649323
2.0;0.2671000063419342
3.0;0.5164999961853027
4.0;0.6010000109672546
5.0;0.6478000283241272
6.0;0.6937999725341797
7.0;0.7160000205039978
8.0;0.7328000068664551
9.0;0.7422999739646912
10.0;0.7353000044822693
