Iteration;Accuracy
1.0;0.28529998660087585
2.0;0.09749999642372131
3.0;0.2992999851703644
4.0;0.19679999351501465
5.0;0.4415999948978424
6.0;0.30799999833106995
7.0;0.49050000309944153
8.0;0.4138999879360199
9.0;0.564300000667572
10.0;0.3125999867916107
