Iteration;Accuracy
1.0;0.1242000013589859
2.0;0.2969000041484833
3.0;0.46700000762939453
4.0;0.5357999801635742
5.0;0.5774999856948853
6.0;0.611299991607666
7.0;0.6398000121116638
8.0;0.6621999740600586
9.0;0.683899998664856
10.0;0.7006000280380249
