Iteration;Accuracy
1.0;0.28949999809265137
2.0;0.2879999876022339
3.0;0.33070001006126404
4.0;0.3610999882221222
5.0;0.30379998683929443
6.0;0.5239999890327454
7.0;0.5054000020027161
8.0;0.5687000155448914
9.0;0.5733000040054321
10.0;0.5952000021934509
