Iteration;Accuracy
1.0;0.1624000072479248
2.0;0.2824999988079071
3.0;0.38760000467300415
4.0;0.4675000011920929
5.0;0.5185999870300293
6.0;0.545199990272522
7.0;0.5612000226974487
8.0;0.578499972820282
9.0;0.5985999703407288
10.0;0.6207000017166138
