Iteration;Accuracy
1.0;0.18539999425411224
2.0;0.3646000027656555
3.0;0.5180000066757202
4.0;0.5842000246047974
5.0;0.6340000033378601
6.0;0.6686999797821045
7.0;0.690500020980835
8.0;0.7178999781608582
9.0;0.7202000021934509
10.0;0.7472000122070312
