Iteration;Accuracy
1.0;0.18780000507831573
2.0;0.29840001463890076
3.0;0.44429999589920044
4.0;0.5217000246047974
5.0;0.5658000111579895
6.0;0.6004999876022339
7.0;0.6287000179290771
8.0;0.6456999778747559
9.0;0.6699000000953674
10.0;0.6927000284194946
