Iteration;Accuracy
1.0;0.06560000032186508
2.0;0.05939999967813492
3.0;0.08009999990463257
4.0;0.09790000319480896
5.0;0.09830000251531601
6.0;0.10689999908208847
7.0;0.10320000350475311
8.0;0.10080000013113022
9.0;0.10080000013113022
10.0;0.08070000261068344
