Iteration;Accuracy;Loss;Grads
1.0;0.8799999952316284;0.47212469577789307;159368.0
2.0;0.896399974822998;0.3679642379283905;318736.0
3.0;0.9125999808311462;0.3112679719924927;478104.0
