Iteration;Accuracy
1.0;0.2720000147819519
2.0;0.3181999921798706
3.0;0.352400004863739
4.0;0.37700000405311584
5.0;0.3970000147819519
6.0;0.4154999852180481
7.0;0.42320001125335693
8.0;0.43389999866485596
9.0;0.446399986743927
10.0;0.4505000114440918
