Iteration;Accuracy;Loss;Grads
1.0;0.8813999891281128;0.4663020074367523;159368.0
2.0;0.8953999876976013;0.36458495259284973;318736.0
3.0;0.9120000004768372;0.3156241774559021;478104.0
4.0;0.9236000180244446;0.27199870347976685;637472.0
5.0;0.9277999997138977;0.24893562495708466;796840.0
