Iteration;Accuracy;Loss
1.0;0.7336000204086304;0.7732268512248993
2.0;0.7827000021934509;0.6332145124673844
