Iteration;Accuracy
1.0;0.21050000190734863
2.0;0.2563000023365021
3.0;0.35040000081062317
4.0;0.39239999651908875
5.0;0.4153999984264374
6.0;0.46239998936653137
7.0;0.4925000071525574
8.0;0.5062999725341797
9.0;0.5214999914169312
10.0;0.536899983882904
