Iteration;Accuracy;Loss
1.0;0.8932999968528748;0.4735441356897354
2.0;0.9067000150680542;0.4055600255727768
