Iteration;Accuracy;Loss
1.0;23.037498474121094;2.304655067920685
2.0;23.216407775878906;2.252983822822571
3.0;23.385696411132812;2.2429835653305052
4.0;23.50765609741211;2.2391290855407715
5.0;23.696765899658203;2.214305672645569
6.0;23.943620681762695;2.189702606201172
7.0;24.069744110107422;2.1767415142059328
8.0;24.250288009643555;2.1678617572784424
9.0;24.336570739746094;2.1599528288841245
10.0;24.34946632385254;2.1647475385665893
