Iteration;Accuracy;Loss
1.0;0.8877999782562256;0.4858807444572449
2.0;0.9114000201225281;0.3573281854391098
