Iteration;Accuracy;Loss
1.0;0.36320000886917114;1.8481004238128662
2.0;0.4722000062465668;1.5951573848724365
3.0;0.5866000056266785;1.2704306840896606
4.0;0.6794999837875366;1.088637113571167
5.0;0.659600019454956;1.0469719171524048
