Iteration;Accuracy;Loss
1.0;0.4009990096092224;0.42380144000053405
2.0;0.3065812885761261;0.3662940740585327
3.0;0.27085843682289124;0.32403807938098905
4.0;0.2377616912126541;0.2718116372823715
5.0;0.2174190729856491;0.2517498329281807
6.0;0.19977426528930664;0.2359829194843769
7.0;0.18576635420322418;0.1711795672774315
8.0;0.17549005150794983;0.19700370654463767
9.0;0.1634027659893036;0.16019835323095322
10.0;0.1550392061471939;0.15984816551208497
