Iteration;Accuracy;Loss
1.0;23.05936622619629;0.3346000015735626
2.0;23.237707138061523;0.1753000020980835
3.0;23.45380401611328;0.1850000023841858
4.0;23.57085418701172;0.18950000405311584
5.0;23.73076057434082;0.19550000131130219
6.0;23.906185150146484;0.17880000174045563
7.0;24.10289764404297;0.14249999821186066
8.0;24.350910186767578;0.16110000014305115
9.0;24.38037872314453;0.11410000175237656
10.0;24.472383499145508;0.1216999962925911
