Iteration;Accuracy;Loss
1.0;0.8618999719619751;0.5804245471954346
2.0;0.8934000134468079;0.393504798412323
3.0;0.9053000211715698;0.3374323546886444
4.0;0.911300003528595;0.3065625727176666
5.0;0.9178000092506409;0.2846145033836365
6.0;0.9218000173568726;0.26986488699913025
7.0;0.925599992275238;0.2551926374435425
8.0;0.9297000169754028;0.2458299994468689
9.0;0.9319000244140625;0.23715749382972717
10.0;0.935699999332428;0.22450122237205505
