Iteration;Accuracy;Loss
1.0;0.41345375776290894;0.48134890496730803
2.0;0.3177022337913513;0.3594813093543053
3.0;0.2750386595726013;0.28684418797492983
4.0;0.24602356553077698;0.3088049620389938
5.0;0.22483377158641815;0.24008963704109193
6.0;0.20392854511737823;0.2238423854112625
7.0;0.18931761384010315;0.21188774332404137
8.0;0.17697909474372864;0.20523293018341066
9.0;0.16744892299175262;0.20735395550727845
10.0;0.15787678956985474;0.15715759694576265
