Iteration;Accuracy
1.0;0.24130000174045563
2.0;0.3075000047683716
3.0;0.3248000144958496
4.0;0.35089999437332153
5.0;0.36320000886917114
6.0;0.37070000171661377
7.0;0.3849000036716461
8.0;0.391400009393692
9.0;0.399399995803833
10.0;0.399399995803833
