Iteration;Accuracy;Loss
1.0;0.3973280191421509;0.4939878165721893
2.0;0.30784788727760315;0.4202897042036057
