Iteration;Accuracy;Loss
1.0;0.4065364599227905;0.46506812870502473
2.0;0.30154263973236084;0.3353780820965767
