Iteration;Accuracy;Loss
1.0;0.9034000039100647;0.369141548871994
2.0;0.9121999740600586;0.3074651062488556
3.0;0.9312000274658203;0.24852123856544495
4.0;0.9399999976158142;0.20533107221126556
5.0;0.9472000002861023;0.17745114862918854
6.0;0.9542999863624573;0.15237051248550415
7.0;0.9602000117301941;0.13253946602344513
8.0;0.9624000191688538;0.11909949779510498
9.0;0.9646000266075134;0.10992037504911423
10.0;0.9686999917030334;0.10174277424812317
