Iteration;Accuracy;Loss
1.0;0.3328000009059906;1.9236218929290771
2.0;0.45719999074935913;1.547042965888977
3.0;0.508899986743927;1.5310477018356323
4.0;0.5769000053405762;1.2615145444869995
5.0;0.5914999842643738;1.1481722593307495
