Iteration;Accuracy;Loss
1.0;0.07419999688863754;24.105712890625
2.0;0.09139999747276306;37.96458435058594
3.0;0.10170000046491623;56.432762145996094
4.0;0.08640000224113464;55.83075714111328
5.0;0.09749999642372131;52.034141540527344
