Iteration;Accuracy
1.0;0.7918000221252441
2.0;0.8015000224113464
3.0;0.8208000063896179
4.0;0.8356000185012817
5.0;0.8434000015258789
6.0;0.8507999777793884
7.0;0.8537999987602234
8.0;0.8616999983787537
9.0;0.8652999997138977
10.0;0.8676999807357788
